<?xml version='1.0' encoding='utf-8'?>
<addon id="plugin.audio.dmd-czech.play.cz" name="play.cz" provider-name="Van Thomas" version="0.1.2">
  <requires>
    <import addon="xbmc.python" version="2.1.0" />
	<import addon="script.module.elementtree" version="1.2.7" />
  </requires>
  <extension library="default.py" point="xbmc.python.pluginsource" provides="audio">
    <provides>audio</provides>
  </extension>
  <extension point="xbmc.addon.metadata">
    <summary lang="en">Play.cz</summary>
    <summary lang="cs">Play.cz</summary>
    <description lang="en">Listen czech radios from play.cz</description>
    <description lang="cs">Ceska radia k poslechu ze serveru play.cz</description>
    <platform>all</platform>
  </extension>
</addon>