<?xml version='1.0' encoding='utf-8'?>
<addon id="plugin.video.mtr.sk" name="Mestská TV Ružomberok" provider-name="Libor Zoubek" version="1.0.1">
  <requires>
    <import addon="xbmc.python" version="2.1.0" />
    <import addon="script.module.stream.resolver" version="1.6.13" />
    <import addon="script.module.elementtree" version="1.2.7" />
  </requires>
  <extension library="default.py" point="xbmc.python.pluginsource" provides="video">
    <provides>video</provides>
  </extension>
  <extension point="xbmc.addon.metadata">
    <summary lang="en">mtr.sk</summary>
    <summary lang="cs">mtr.sk</summary>
    <description lang="en">Watch online mtr.sk</description>
    <description lang="cs">Sledujte online mtr.sk</description>
    <platform>all</platform>
    <source>https://github.com/kodi-czsk/plugin.video.mtr.sk</source>
  </extension>
</addon>
