<?xml version="1.0" encoding="UTF-8" standalone="yes"?>
<addon id="plugin.video.mtr.sk"
       name="Mestská TV Ružomberok"
       version="1.0.0"
       provider-name="Libor Zoubek">
  <requires>
    <import addon="xbmc.python" version="2.0" />
    <import addon="script.module.stream.resolver" version="1.6.7" />
    <import addon="script.module.elementtree" version="1.2.7" />
  </requires>
  <extension point="xbmc.python.pluginsource"
             provides="video"
             library="default.py">
    <provides>video</provides>
  </extension>
  <extension point="xbmc.addon.metadata">
    <summary lang="en">mtr.sk</summary>
    <summary lang="cs">mtr.sk</summary>
    <description lang="en">Watch online mtr.sk</description>
    <description lang="cs">Sledujte online mtr.sk</description>
    <platform>all</platform>
  </extension>
</addon>
