<?xml version="1.0" encoding="UTF-8" standalone="yes"?>
<addon id="plugin.video.dmd-czech.stream"
       name="Stream TV Archiv"
       version="1.2.8"
       provider-name="Jiri Vyhnalek">
  <requires>
    <import addon="xbmc.python" version="2.1.0"/>
    <import addon="script.module.dmd-czech.common" version="1.5.5"/>
    <import addon="script.module.simplejson"/>
  </requires>
  <extension point="xbmc.python.pluginsource" library="default.py">
    <provides>video</provides>
  </extension>
  <extension point="xbmc.addon.metadata">
    <platform>all</platform>
    <summary>Stream TV video-archive plugin</summary>
    <summary lang="cs">Stream TV - archiv</summary>
    <summary lang="sk">Stream TV - archív</summary>
    <description>
        Plugin to play TV video archive stream.cz
    </description>
    <description lang="cs">
        Plugin pro přehrávání videí z archivu stream.cz
    </description>
    <description lang="sk">
        Plugin pre prehrávenie videí z archívu stream.cz
    </description>
    <source>https://github.com/kodi-czsk/plugin.video.dmd-czech.stream</source>
  </extension>
</addon>
