<?xml version="1.0" encoding="UTF-8" standalone="yes"?>
<addon id="plugin.video.nekonecne" name="Nekonecne" version="0.1.2" provider-name="tuxuser">
  <requires>
    <import addon="xbmc.python" version="2.1.0"/>
    <import addon="script.module.xbmcswift2" version="2.4.0"/>
    <import addon="script.module.parsedom" version="0.9.1"/>
  </requires>
  <extension point="xbmc.python.pluginsource" library="addon.py">
    <provides>video</provides>
  </extension>
  <extension point="xbmc.addon.metadata">
    <platform>all</platform>
    <language></language>
    <summary>Streaming from Czech/Slovak Provider 'flash.nekonecne.cz'</summary>
    <description>This addon provides streaming for czech/slovak IPTV. An account on 'flash.nekonecne.cz' is mandatory!</description>
  </extension>
</addon>
