<?xml version="1.0" encoding="UTF-8" standalone="yes"?>
<addon id="plugin.video.dmd-czech.sjk"
       name="Show Jana Krause TV Archiv"
       version="0.3"
       provider-name="Jiri Vyhnalek">
  <requires>
    <import addon="xbmc.python" version="1.0"/>
    <import addon="script.module.dmd-czech.common" version="0.3"/>
  </requires>
  <extension point="xbmc.python.pluginsource" library="default.py">
    <provides>video</provides>
  </extension>
  <extension point="xbmc.addon.metadata">
    <platform>all</platform>
    <summary>Show Jana Krause video-archive plugin</summary>
    <summary lang="cs">Show Jana Krause - archiv</summary>
    <description>
        Plugin to play TV video archive http://www.iprima.cz/showjanakrause/videoarchiv
    </description>
    <description lang="cs">
        Plugin pro přehrávání videí z archivu http://www.iprima.cz/showjanakrause/videoarchiv
    </description>
  </extension>
</addon>