<?xml version="1.0" encoding="UTF-8" standalone="yes"?>
<addon id="plugin.video.dmd-czech.piratskefilmycz"
       name="Filmy CPS Archiv"
       version="0.8"
       provider-name="Ivo Brhel">
  <requires>
    <import addon="script.module.pysqlite" version="2.5.6"/>
    <import addon="xbmc.python" version="2.0"/>
    <import addon="script.module.dmd-czech.common" version="1.5.5"/>
  </requires>
  <extension point="xbmc.python.pluginsource" library="default.py">
    <provides>video</provides>
  </extension>
  <extension point="xbmc.addon.metadata">
    <platform>all</platform>
    <summary>Filmy CPS video-archive plugin</summary>
    <summary lang="cs">Filmy CPS - archiv</summary>
    <description>
        Plugin to play video archive Filmy CPS
    </description>
    <description lang="cs">
        Plugin pro přehrávání videí z archivu Filmy CPS
    </description>
  </extension>
</addon>
