<?xml version="1.0" encoding="UTF-8" standalone="yes"?>
<addon id="plugin.video.dmd-czech.markiza"
       name="Markiza TV Archiv"
       version="1.6.3"
       provider-name="Jiri Vyhnalek">
  <requires>
    <import addon="xbmc.python" version="2.1.0"/>
    <import addon="script.module.dmd-czech.common" version="1.5.5"/>
  </requires>
  <extension point="xbmc.python.pluginsource" library="default.py">
    <provides>video</provides>
  </extension>
  <extension point="xbmc.addon.metadata">
    <platform>all</platform>
    <summary>Markiza TV video-archive plugin</summary>
    <summary lang="cs">Markiza TV - archiv</summary>
    <description>
        Plugin to play TV video archive from markiza.sk including archive doma tv and fun tv  
    </description>
    <description lang="cs">
        Plugin pro přehrávání videí z archivu markiza.sk včetně doma tv a fun tv... 
    </description>
  </extension>
</addon>