<?xml version="1.0" encoding="UTF-8"?>
<addon id="repository.xbmc.prismcube.ruby.czsk"
       version="1.0.1"
       name="XBMC PrismcubeRuby CZ/SK"
       provider-name="abcom.sk">
  <extension point="xbmc.addon.repository"
              name="repozitár českých a slovenských doplnkov pre príjmače prismcube ruby">
    <info compressed="false">https://raw.github.com/prismcube-czsk/xbmc-prismcube-ruby-czsk/master/addons.xml</info>
    <checksum>https://raw.github.com/prismcube-czsk/xbmc-prismcube-ruby-czsk/master/addons.xml.md5</checksum>
    <datadir zip="true">https://raw.github.com/prismcube-czsk/xbmc-prismcube-ruby-czsk/master/repo</datadir>
  </extension>
  <extension point="xbmc.addon.metadata">
    <summary>XBMC PrismCubeRuby CZ/SK</summary>
    <description>
This repository contains selected CZ/SK addons from following projects:[CR][CR]kodi-czsk - github.com/kodi-czsk[CR]kodi-addons - github.com/StepanOrt/kodi-addons[CR]dmd-xbmc - dmd-xbmc.googlecode.com[CR][CR]Its ment for satellite receiver prismcube ruby
    </description>
    <description lang="cs">
Tento repozitár obsahuje vybrané CZ/SK doplnky z nasledujúcich projektov:[CR][CR]kodi-czsk - github.com/kodi-czsk[CR][CR]kodi-addons - github.com/StepanOrt/kodi-addons[CR]dmd-xbmc - dmd-xbmc.googlecode.com[CR][CR]Je určený pre používatelov sat. príjmača prismcube ruby
    </description>
    <description lang="sk">
Tento repozitár obsahuje vybrané CZ/SK doplnky z nasledujúcich projektov:[CR][CR]kodi-czsk - github.com/kodi-czsk[CR][CR]kodi-addons - github.com/StepanOrt/kodi-addons[CR]dmd-xbmc - dmd-xbmc.googlecode.com[CR][CR]Je určený pre používatelov sat. príjmača prismcube ruby
    </description>
    <platform>all</platform>
  </extension>
</addon>
