<?xml version="1.0" encoding="UTF-8"?>
<addon id="repository.xbmc.archivczsk"
       version="1.0.0"
       name="XBMC ArchivCZSK"
       provider-name="Maros Ondrasek">
  <extension point="xbmc.addon.repository"
              name="repozitár českých a slovenských archívov">
    <info compressed="false">https://raw.github.com/mx3L/xbmc-archivczsk/master/addons.xml</info>
    <checksum>https://raw.github.com/mx3L/xbmc-archivczsk/master/addons.xml.md5</checksum>
    <datadir zip="true">https://raw.github.com/mx3L/xbmc-archivczsk/master/repo</datadir>
  </extension>
  <extension point="xbmc.addon.metadata">
    <summary>XBMC ArchivCZSK</summary>
    <description>
    	This repository contains addons for slovak and czech users.
    </description>
    <description lang="cs">
    	Tento repozitář obsahuje česke a slovenske archivy..
    </description>
    <description lang="sk">
    	Tento repozitár obsahuje české a slovenské archívy..
    </description>
    <platform>all</platform>
  </extension>
</addon>
