<?xml version="1.0" encoding="UTF-8" standalone="yes"?>
<addon id="script.module.archivczsk.commons"
       name="archivczsk commons"
       version="1.0.0"
       provider-name="Maros Ondrasek">
  <requires>
    <import addon="xbmc.python" version="2.0" />
  </requires>
  <extension point="xbmc.python.module"
             library="lib" />
  <extension point="xbmc.addon.metadata">
    <summary>Contains common functions for archivczsk addons</summary>
    <description>Common functions for archivczsk addons</description>
    <license>GNU GPL</license>
    <platform>all</platform>
  </extension>
</addon>
