<?xml version='1.0' encoding='utf-8'?>
<addon id="plugin.video.nastojaka.cz" name="nastojaka.cz" provider-name="Libor Zoubek" version="1.0.5">
  <requires>
    <import addon="xbmc.python" version="2.1.0" />
    <import addon="script.module.stream.resolver" version="1.6.13" />
  </requires>
  <extension library="default.py" point="xbmc.python.pluginsource" provides="video">
    <provides>video</provides>
  </extension>
  <extension point="xbmc.addon.metadata">
    <summary lang="en">nastojaka.cz</summary>
    <summary lang="cs">nastojaka.cz</summary>
    <description lang="en">Watch online HBO Show Na stojáka</description>
    <description lang="cs">Sledujte online scénky pořadu HBO Na stojáka</description>
    <platform>all</platform>
    <broken>server nedostupny</broken>
  </extension>
</addon>