<?xml version="1.0" encoding="UTF-8" standalone="yes"?>
<addon id="plugin.video.tv.sme.sk"
       name="TV SME.sk"
       version="1.0.4"
       provider-name="Radim Stoklasa">
  <requires>
    <import addon="xbmc.python" version="2.1.0"/>
    <import addon="script.module.dmd-czech.common" version="1.5.5"/>
  </requires>
  <extension point="xbmc.python.pluginsource" library="default.py">
    <provides>video</provides>
  </extension>
  <extension point="xbmc.addon.metadata">
    <platform>all</platform>
    <summary>TV SME.sk video-archive plugin</summary>
    <summary lang="sk">Internetová televízia SME.sk</summary>
    <summary lang="cs">Internetová televize SME.sk</summary>
    <description>
        Plugin to play TV video archive tv.sme.sk
    </description>
    <description lang="cs">
        Plugin pro přehrávání videí z archivu tv.sme.sk
    </description>
    <description lang="sk">
        Plugin pre prehrávenie videí z archívu tv.sme.sk
    </description>
    <source>https://github.com/kodi-czsk/plugin.video.tv.sme.sk</source>
  </extension>
</addon>
