<?xml version="1.0" encoding="UTF-8" standalone="yes"?>
<addon id="plugin.video.dmd-czech.jaknato"
       name="Jak na to?"
       version="0.3"
       provider-name="Jiri Vyhnalek">
  <requires>
    <import addon="xbmc.python" version="1.0"/>
    <import addon="script.module.dmd-czech.common" version="1.5.5"/>
  </requires>
  <extension point="xbmc.python.pluginsource" library="default.py">
    <provides>video</provides>
  </extension>
  <extension point="xbmc.addon.metadata">
    <platform>all</platform>
    <summary>Jak na to? video-archive plugin</summary>
    <summary lang="cs">Jak na to?</summary>
    <description>
        Plugin to play video archive http://jaknato.centrum.cz
    </description>
    <description lang="cs">
        Plugin pro přehrávání videí z archivu http://jaknato.centrum.cz
    </description>
  </extension>
</addon>